{"fields":[{"fieldType":"FormFieldRepresentation","id":"messagebothdays","name":"messageBothDays","type":"readonly-text","value":"Reminder: no security review has happened on the previous working day. Please make sure all missing days are reviewed.","required":false,"readOnly":false,"overrideId":false,"placeholder":null,"optionType":null,"options":null,"restUrl":null,"restIdProperty":null,"restLabelProperty":null,"layout":{"row":0,"column":0,"colspan":1},"sizeX":1,"sizeY":1,"row":0,"col":0,"visibilityCondition":null}],"outcomes":[{"id":null,"name":"I understand"}]}