{"fields":[{"fieldType":"FormFieldRepresentation","id":"sysLogActionTakenAndLogged","name":"Action taken and logged","type":"dropdown","value":"No","required":false,"readOnly":false,"overrideId":true,"placeholder":null,"optionType":null,"options":[{"id":null,"name":"No"},{"id":null,"name":"Yes"}],"restUrl":null,"restIdProperty":null,"restLabelProperty":null,"layout":{"row":0,"column":0,"colspan":1},"sizeX":1,"sizeY":1,"row":0,"col":0,"visibilityCondition":null},{"fieldType":"FormFieldRepresentation","id":"sysLogComments","name":"Comments","type":"multi-line-text","value":null,"required":false,"readOnly":false,"overrideId":true,"placeholder":null,"optionType":null,"options":null,"restUrl":null,"restIdProperty":null,"restLabelProperty":null,"layout":{"row":1,"column":0,"colspan":1},"sizeX":1,"sizeY":2,"row":1,"col":0,"visibilityCondition":{"leftFormFieldId":"sysLogActionTakenAndLogged","operator":"==","rightValue":"Yes","rightType":null,"rightFormFieldId":null,"nextConditionOperator":"","nextCondition":null}}],"outcomes":[]}