{"resourceId":1,"properties":{"process_id":"SOC2-DailySecurityProcess","name":"SOC 2 - Daily Security Process","documentation":"","process_author":"","process_version":"","process_namespace":"http://www.activiti.org/processdef","executionlisteners":"{\"executionListeners\":\"[]\"}","eventlisteners":"{\"eventListeners\":\"[]\"}","signaldefinitions":"\"[]\"","messagedefinitions":""},"stencil":{"id":"BPMNDiagram"},"childShapes":[{"resourceId":"sid-49F8572F-AF24-4A64-B47B-33D595BBEFC6","properties":{"overrideid":"sid-49F8572F-AF24-4A64-B47B-33D595BBEFC6","name":"","documentation":"","executionlisteners":{"executionListeners":[]},"timercycledefinition":"0 0 9 ? * MON-FRI *","timerdatedefinition":"","timerdurationdefinition":""},"stencil":{"id":"StartTimerEvent"},"childShapes":[],"outgoing":[{"resourceId":"sid-CC4BD66C-759B-4AFA-B3E5-79DC5A972630"}],"bounds":{"lowerRight":{"x":61,"y":395.57133444841315},"upperLeft":{"x":30,"y":364.57133444841315}},"dockers":[]},{"resourceId":"sid-772796B8-4399-479E-A051-8EFBBEBE4D1F","properties":{"overrideid":"sid-772796B8-4399-479E-A051-8EFBBEBE4D1F","name":"","documentation":"","conditionsequenceflow":"","executionlisteners":"","defaultflow":"false"},"stencil":{"id":"SequenceFlow"},"childShapes":[],"outgoing":[{"resourceId":"sid-8FFA40E6-6DFA-4A36-8780-FFB25B3039E6"}],"bounds":{"lowerRight":{"x":351.358811312583,"y":406.8339591293484},"upperLeft":{"x":272.5639108883886,"y":318.6690456692514}},"dockers":[{"x":15.5,"y":15.5},{"x":272.5639108883886,"y":406.8339591293484},{"x":49.99999999999997,"y":40}],"target":{"resourceId":"sid-8FFA40E6-6DFA-4A36-8780-FFB25B3039E6"}},{"resourceId":"sid-777FE30E-35CA-4BCE-AD6C-72C4EA63CF1C","properties":{"overrideid":"sid-777FE30E-35CA-4BCE-AD6C-72C4EA63CF1C","name":"","documentation":"","conditionsequenceflow":"","executionlisteners":"","defaultflow":"false"},"stencil":{"id":"SequenceFlow"},"childShapes":[],"outgoing":[{"resourceId":"sid-4CBE1B44-4FE3-4007-A64B-2D551FC58127"}],"bounds":{"lowerRight":{"x":1510.4917754790736,"y":116.83395912934839},"upperLeft":{"x":1438.71246477257,"y":116.83395912934839}},"dockers":[{"x":58,"y":39.5},{"x":14,"y":14}],"target":{"resourceId":"sid-4CBE1B44-4FE3-4007-A64B-2D551FC58127"}},{"resourceId":"sid-9E12ABF0-3C89-4033-B653-62ED0FCBC32E","properties":{"overrideid":"sid-9E12ABF0-3C89-4033-B653-62ED0FCBC32E","name":"","documentation":"","conditionsequenceflow":"","executionlisteners":"","defaultflow":"false"},"stencil":{"id":"SequenceFlow"},"childShapes":[],"outgoing":[{"resourceId":"sid-7989D83D-2300-47D7-BC2C-A0302BC999FB"}],"bounds":{"lowerRight":{"x":1084.612571301813,"y":262.3339591293484},"upperLeft":{"x":1005.612571301813,"y":262.3339591293484}},"dockers":[{"x":50,"y":40},{"x":61.99999999999994,"y":39.5}],"target":{"resourceId":"sid-7989D83D-2300-47D7-BC2C-A0302BC999FB"}},{"resourceId":"sid-5169C910-E572-4A5C-9972-11A5ABD224A1","properties":{"overrideid":"sid-5169C910-E572-4A5C-9972-11A5ABD224A1","name":"","documentation":"","conditionsequenceflow":"","executionlisteners":"","defaultflow":"false"},"stencil":{"id":"SequenceFlow"},"childShapes":[],"outgoing":[{"resourceId":"sid-B41B533E-DB84-49F4-93A7-20AEC003F36D"}],"bounds":{"lowerRight":{"x":1309.5891338018127,"y":262.3339591293484},"upperLeft":{"x":1209.6360088018127,"y":262.3339591293484}},"dockers":[{"x":61.99999999999994,"y":39.5},{"x":62,"y":39.5}],"target":{"resourceId":"sid-B41B533E-DB84-49F4-93A7-20AEC003F36D"}},{"resourceId":"sid-49401B6A-AF5B-4CFA-B3AA-7E80FB289BFF","properties":{"overrideid":"sid-49401B6A-AF5B-4CFA-B3AA-7E80FB289BFF","name":"","documentation":"","conditionsequenceflow":"","executionlisteners":"","defaultflow":"false"},"stencil":{"id":"SequenceFlow"},"childShapes":[],"outgoing":[{"resourceId":"sid-51E598AA-8EB9-4310-9736-0604442C524A"}],"bounds":{"lowerRight":{"x":1379.8240825259286,"y":207.1401112225344},"upperLeft":{"x":1379.8240825259286,"y":157.31770057505045}},"dockers":[{"x":15.5,"y":15.5},{"x":58,"y":39.5}],"target":{"resourceId":"sid-51E598AA-8EB9-4310-9736-0604442C524A"}},{"resourceId":"sid-20258C82-A73E-4799-83EE-FEC111509030","properties":{"overrideid":"sid-20258C82-A73E-4799-83EE-FEC111509030","name":"","documentation":"","conditionsequenceflow":"","executionlisteners":"","defaultflow":"false"},"stencil":{"id":"SequenceFlow"},"childShapes":[],"outgoing":[{"resourceId":"sid-CA017BC3-AC25-4EFF-82DC-21E2F0A9A18D"}],"bounds":{"lowerRight":{"x":1769.7146277530628,"y":262.3339591293484},"upperLeft":{"x":1725.679165051531,"y":262.3339591293484}},"dockers":[{"x":50.121096773999966,"y":40.08374193550003},{"x":14,"y":14}],"target":{"resourceId":"sid-CA017BC3-AC25-4EFF-82DC-21E2F0A9A18D"}},{"resourceId":"sid-F21381DF-B9F2-48CC-9C5B-D4E52537E46E","properties":{"overrideid":"sid-F21381DF-B9F2-48CC-9C5B-D4E52537E46E","name":"","documentation":"","conditionsequenceflow":"","executionlisteners":"","defaultflow":"false"},"stencil":{"id":"SequenceFlow"},"childShapes":[],"outgoing":[{"resourceId":"sid-0F314064-A472-4F9B-B3EE-D3F7AA04C5C4"}],"bounds":{"lowerRight":{"x":1475.1047588018127,"y":262.3339591293484},"upperLeft":{"x":1434.6711650518127,"y":262.3339591293484}},"dockers":[{"x":62,"y":39.5},{"x":50,"y":40}],"target":{"resourceId":"sid-0F314064-A472-4F9B-B3EE-D3F7AA04C5C4"}},{"resourceId":"sid-A7FEF3A6-D01A-4732-BB82-813EB1D6A03D","properties":{"overrideid":"sid-A7FEF3A6-D01A-4732-BB82-813EB1D6A03D","name":"","documentation":"","conditionsequenceflow":"","executionlisteners":"","defaultflow":"false"},"stencil":{"id":"SequenceFlow"},"childShapes":[],"outgoing":[{"resourceId":"sid-1FA95B16-2D55-4291-B07B-341791E7827A"}],"bounds":{"lowerRight":{"x":1624.9751831968438,"y":262.3339591293484},"upperLeft":{"x":1575.3710561807816,"y":262.3339591293484}},"dockers":[{"x":50,"y":40},{"x":50.121096773999966,"y":40.08374193550003}],"target":{"resourceId":"sid-1FA95B16-2D55-4291-B07B-341791E7827A"}},{"resourceId":"sid-D9C5F4DF-DFC0-45AF-B548-A58D6FCB4A7B","properties":{"overrideid":"","name":"","documentation":"","conditionsequenceflow":"","executionlisteners":"","defaultflow":"false"},"stencil":{"id":"SequenceFlow"},"childShapes":[],"outgoing":[{"resourceId":"sid-4CEADFDE-68C4-4DFF-B7B9-449625EC361A"}],"bounds":{"lowerRight":{"x":647.2555047317221,"y":262.7438075259683},"upperLeft":{"x":600.1277383109416,"y":262.5452044827285}},"dockers":[{"x":50,"y":40},{"x":20.5,"y":20.5}],"target":{"resourceId":"sid-4CEADFDE-68C4-4DFF-B7B9-449625EC361A"}},{"resourceId":"sid-1BCDC155-F6E7-4679-B82D-6DCCD529DC6E","properties":{"overrideid":"","name":"","documentation":"","conditionsequenceflow":"","executionlisteners":"","defaultflow":"false"},"stencil":{"id":"SequenceFlow"},"childShapes":[],"outgoing":[{"resourceId":"sid-EB15A65C-166E-4751-93E2-B5ABF1DE06BD"}],"bounds":{"lowerRight":{"x":499.0868042307525,"y":262.3339591293484},"upperLeft":{"x":323.1354158656526,"y":262.3339591293484}},"dockers":[{"x":50,"y":40},{"x":50,"y":40}],"target":{"resourceId":"sid-EB15A65C-166E-4751-93E2-B5ABF1DE06BD"}},{"resourceId":"sid-48A284C0-3CBE-4F51-8C85-42602EAB4394","properties":{"overrideid":"","name":"","documentation":"","conditionsequenceflow":"","executionlisteners":"","defaultflow":"false"},"stencil":{"id":"SequenceFlow"},"childShapes":[],"outgoing":[{"resourceId":"sid-EB15A65C-166E-4751-93E2-B5ABF1DE06BD"}],"bounds":{"lowerRight":{"x":549.7512013969659,"y":406.8339591293484},"upperLeft":{"x":452.32224910433376,"y":302.84565902170044}},"dockers":[{"x":49.99999999999997,"y":40},{"x":549.1125713018129,"y":406.8339591293484},{"x":50,"y":40}],"target":{"resourceId":"sid-EB15A65C-166E-4751-93E2-B5ABF1DE06BD"}},{"resourceId":"sid-F97F9116-946D-40F5-B5A1-C828996810F4","properties":{"overrideid":"","name":"","documentation":"","conditionsequenceflow":"","executionlisteners":"","defaultflow":"false"},"stencil":{"id":"SequenceFlow"},"childShapes":[],"outgoing":[{"resourceId":"sid-F2E6CDD4-B8DD-459E-84B7-C2E26DB4EDBB"}],"bounds":{"lowerRight":{"x":904.471946301813,"y":262.3339591293484},"upperLeft":{"x":832.700461926813,"y":262.3339591293484}},"dockers":[{"x":53.5,"y":40},{"x":50,"y":40}],"target":{"resourceId":"sid-F2E6CDD4-B8DD-459E-84B7-C2E26DB4EDBB"}},{"resourceId":"sid-66D97FCD-D411-451B-8259-CC3378AE0C5F","properties":{"overrideid":"","name":"","documentation":"","conditionsequenceflow":"","executionlisteners":"","defaultflow":"false"},"stencil":{"id":"SequenceFlow"},"childShapes":[],"outgoing":[{"resourceId":"sid-51E598AA-8EB9-4310-9736-0604442C524A"}],"bounds":{"lowerRight":{"x":1321.3854116133189,"y":206.1876481749358},"upperLeft":{"x":797.475577431748,"y":116.83395912934839}},"dockers":[{"x":16,"y":15.999999999999986},{"x":797.475577431748,"y":116.83395912934839},{"x":58,"y":39.5}],"target":{"resourceId":"sid-51E598AA-8EB9-4310-9736-0604442C524A"}},{"resourceId":"sid-BBB828CC-7E3D-40C0-83B4-6701E4D19367","properties":{"overrideid":"","name":"yes","documentation":"","conditionsequenceflow":"","executionlisteners":"","defaultflow":true},"stencil":{"id":"SequenceFlow"},"childShapes":[],"outgoing":[{"resourceId":"sid-F2E6CDD4-B8DD-459E-84B7-C2E26DB4EDBB"}],"bounds":{"lowerRight":{"x":955.112571301813,"y":411.8339591293484},"upperLeft":{"x":668.6481462403633,"y":282.4589591293484}},"dockers":[{"x":20.5,"y":20.5},{"x":668.6481462403633,"y":411.8339591293484},{"x":955.112571301813,"y":411.8339591293484},{"x":50,"y":40}],"target":{"resourceId":"sid-F2E6CDD4-B8DD-459E-84B7-C2E26DB4EDBB"}},{"resourceId":"sid-90797D69-547F-409C-9E34-725433DB6B7B","properties":{"overrideid":"","name":"Security Review","documentation":"","asynchronousdefinition":"false","exclusivedefinition":"false","executionlisteners":"","multiinstance_type":"None","multiinstance_cardinality":"","multiinstance_collection":"","multiinstance_variable":"","multiinstance_condition":""},"stencil":{"id":"SubProcess"},"childShapes":[{"resourceId":"sid-027B995F-771B-4211-932E-3B7F78386BD8","properties":{"overrideid":"sid-027B995F-771B-4211-932E-3B7F78386BD8","name":"Daily Security Review","documentation":"","asynchronousdefinition":false,"exclusivedefinition":true,"executionlisteners":{"executionListeners":[]},"multiinstance_type":"None","multiinstance_cardinality":"","multiinstance_collection":"","multiinstance_variable":"","multiinstance_condition":"","isforcompensation":"false","usertaskassignment":{"assignment":{"type":"idm","idm":{"assignee":{"id":1000,"email":"pete.philips@alfresco.com","firstName":"Pete","lastName":"Philips"},"type":"user"},"initiatorCanCompleteTask":false}},"formkeydefinition":"","formreference":{"id":1000,"name":"Daily Security Review Form"},"duedatedefinition":"","prioritydefinition":"","formproperties":"","tasklisteners":{"taskListeners":[{"event":"complete","expression":"${execution.setVariable('previousAssignee', task.getAssignee())}"}]}},"stencil":{"id":"UserTask"},"childShapes":[],"outgoing":[{"resourceId":"sid-B59B8720-ECA8-469E-867F-57F818DDC325"},{"resourceId":"sid-1BCDC155-F6E7-4679-B82D-6DCCD529DC6E"}],"bounds":{"lowerRight":{"x":192.55430330942778,"y":251.4446530431161},"upperLeft":{"x":92.55430330942778,"y":171.4446530431161}},"dockers":[]},{"resourceId":"sid-B59B8720-ECA8-469E-867F-57F818DDC325","properties":{"overrideid":"sid-B59B8720-ECA8-469E-867F-57F818DDC325","name":"","documentation":"","timercycledefinition":"","timerdatedefinition":"","timerdurationdefinition":"PT3H","cancelactivity":true,"executionlisteners":{"executionListeners":[]}},"stencil":{"id":"BoundaryTimerEvent"},"childShapes":[],"outgoing":[{"resourceId":"sid-772796B8-4399-479E-A051-8EFBBEBE4D1F"}],"bounds":{"lowerRight":{"x":158.39599262969176,"y":267.6891173804578},"upperLeft":{"x":127.39599262969176,"y":236.6891173804578}},"dockers":[{"x":50.206975588245484,"y":64.68063522574431}]},{"resourceId":"sid-8FFA40E6-6DFA-4A36-8780-FFB25B3039E6","properties":{"overrideid":"sid-8FFA40E6-6DFA-4A36-8780-FFB25B3039E6","name":"Daily Security Review","documentation":"","asynchronousdefinition":false,"exclusivedefinition":true,"executionlisteners":{"executionListeners":[]},"multiinstance_type":"None","multiinstance_cardinality":"","multiinstance_collection":"","multiinstance_variable":"","multiinstance_condition":"","isforcompensation":"false","usertaskassignment":{"assignment":{"type":"idm","idm":{"assignee":{"id":1001,"email":"fabrizio.corsaro@alfresco.com","firstName":"Fabrizio","lastName":"Corsaro"},"type":"user"},"initiatorCanCompleteTask":false}},"formkeydefinition":"","formreference":{"id":1000,"name":"Daily Security Review Form"},"duedatedefinition":"","prioritydefinition":"","formproperties":"","tasklisteners":{"taskListeners":[{"event":"complete","expression":"${execution.setVariable('previousAssignee', task.getAssignee())}"}]}},"stencil":{"id":"UserTask"},"childShapes":[],"outgoing":[{"resourceId":"sid-28794D32-E181-4C6A-876C-70B65E0004E6"},{"resourceId":"sid-48A284C0-3CBE-4F51-8C85-42602EAB4394"}],"bounds":{"lowerRight":{"x":322.18393255750044,"y":395.9446530431161},"upperLeft":{"x":222.1839325575005,"y":315.9446530431161}},"dockers":[]},{"resourceId":"sid-28794D32-E181-4C6A-876C-70B65E0004E6","properties":{"overrideid":"sid-28794D32-E181-4C6A-876C-70B65E0004E6","name":"","documentation":"","timercycledefinition":"","timerdatedefinition":"","timerdurationdefinition":"PT1H","cancelactivity":true,"executionlisteners":{"executionListeners":[]}},"stencil":{"id":"BoundaryTimerEvent"},"childShapes":[],"outgoing":[{"resourceId":"sid-75D11771-802F-4307-AD8E-AF166AF29DC0"}],"bounds":{"lowerRight":{"x":299.9743975121611,"y":411.70606829102803},"upperLeft":{"x":268.9743975121611,"y":380.70606829102803}},"dockers":[{"x":57.744382719648016,"y":65.36924434223835}]},{"resourceId":"sid-F2E6CDD4-B8DD-459E-84B7-C2E26DB4EDBB","properties":{"overrideid":"sid-F2E6CDD4-B8DD-459E-84B7-C2E26DB4EDBB","name":"IDS Real time alerts?","documentation":"","asynchronousdefinition":false,"exclusivedefinition":true,"executionlisteners":{"executionListeners":[]},"multiinstance_type":"None","multiinstance_cardinality":"","multiinstance_collection":"","multiinstance_variable":"","multiinstance_condition":"","isforcompensation":"false","usertaskassignment":{"assignment":{"type":"static","assignee":"${previousAssignee}"}},"formkeydefinition":"","formreference":{"id":1002,"name":"IDS Alerts Form"},"duedatedefinition":"","prioritydefinition":"","formproperties":"","tasklisteners":{"taskListeners":[]}},"stencil":{"id":"UserTask"},"childShapes":[],"outgoing":[{"resourceId":"sid-9E12ABF0-3C89-4033-B653-62ED0FCBC32E"},{"resourceId":"sid-ED3734EB-787A-4340-ACF6-43FA4C9A0B7B"}],"bounds":{"lowerRight":{"x":875.4446530431161,"y":251.4446530431161},"upperLeft":{"x":775.4446530431161,"y":171.4446530431161}},"dockers":[]},{"resourceId":"sid-ED3734EB-787A-4340-ACF6-43FA4C9A0B7B","properties":{"overrideid":"sid-ED3734EB-787A-4340-ACF6-43FA4C9A0B7B","name":"","documentation":"","timercycledefinition":"","timerdatedefinition":"","timerdurationdefinition":"PT1H","cancelactivity":false,"executionlisteners":{"executionListeners":[]}},"stencil":{"id":"BoundaryTimerEvent"},"childShapes":[],"outgoing":[{"resourceId":"sid-50D4F725-1981-4AC7-8DEF-F03C654DC6CD"}],"bounds":{"lowerRight":{"x":849.3922401249351,"y":186.29064021186176},"upperLeft":{"x":818.3922401249351,"y":155.29064021186176}},"dockers":[{"x":58,"y":1.5}]},{"resourceId":"sid-4CBE1B44-4FE3-4007-A64B-2D551FC58127","properties":{"overrideid":"sid-4CBE1B44-4FE3-4007-A64B-2D551FC58127","name":"","documentation":"","executionlisteners":{"executionListeners":[]}},"stencil":{"id":"EndNoneEvent"},"childShapes":[],"outgoing":[],"bounds":{"lowerRight":{"x":1409.444653043116,"y":79.94465304311609},"upperLeft":{"x":1381.444653043116,"y":51.94465304311609}},"dockers":[]},{"resourceId":"sid-7989D83D-2300-47D7-BC2C-A0302BC999FB","properties":{"overrideid":"sid-7989D83D-2300-47D7-BC2C-A0302BC999FB","name":"McAffee Real Time Scan Alerst?","documentation":"","asynchronousdefinition":false,"exclusivedefinition":true,"executionlisteners":{"executionListeners":[]},"multiinstance_type":"None","multiinstance_cardinality":"","multiinstance_collection":"","multiinstance_variable":"","multiinstance_condition":"","isforcompensation":"false","usertaskassignment":{"assignment":{"type":"static","assignee":"${previousAssignee}"}},"formkeydefinition":"","formreference":{"id":1003,"name":"McAfee Alerts Form"},"duedatedefinition":"","prioritydefinition":"","formproperties":"","tasklisteners":{"taskListeners":[]}},"stencil":{"id":"UserTask"},"childShapes":[],"outgoing":[{"resourceId":"sid-5169C910-E572-4A5C-9972-11A5ABD224A1"},{"resourceId":"sid-ACC59C74-4367-4D6E-83F3-74E588672723"}],"bounds":{"lowerRight":{"x":1079.444653043116,"y":250.9446530431161},"upperLeft":{"x":955.4446530431161,"y":171.9446530431161}},"dockers":[]},{"resourceId":"sid-ACC59C74-4367-4D6E-83F3-74E588672723","properties":{"overrideid":"sid-ACC59C74-4367-4D6E-83F3-74E588672723","name":"","documentation":"","timercycledefinition":"","timerdatedefinition":"","timerdurationdefinition":"PT1H","cancelactivity":false,"executionlisteners":{"executionListeners":[]}},"stencil":{"id":"BoundaryTimerEvent"},"childShapes":[],"outgoing":[{"resourceId":"sid-E9CC3B56-E5BE-488E-9EC7-92508E592657"}],"bounds":{"lowerRight":{"x":1049.4838021362143,"y":186.8690225483018},"upperLeft":{"x":1018.4838021362143,"y":155.8690225483018}},"dockers":[{"x":74.99999999999993,"y":8}]},{"resourceId":"sid-B41B533E-DB84-49F4-93A7-20AEC003F36D","properties":{"overrideid":"sid-B41B533E-DB84-49F4-93A7-20AEC003F36D","name":"SYS LOG daily alerts actions needed?","documentation":"","asynchronousdefinition":false,"exclusivedefinition":true,"executionlisteners":{"executionListeners":[]},"multiinstance_type":"None","multiinstance_cardinality":"","multiinstance_collection":"","multiinstance_variable":"","multiinstance_condition":"","isforcompensation":"false","usertaskassignment":{"assignment":{"type":"static","assignee":"${previousAssignee}"}},"formkeydefinition":"","formreference":{"id":1004,"name":"Sys Log Alerts"},"duedatedefinition":"","prioritydefinition":"","formproperties":"","tasklisteners":{"taskListeners":[]}},"stencil":{"id":"UserTask"},"childShapes":[],"outgoing":[{"resourceId":"sid-F21381DF-B9F2-48CC-9C5B-D4E52537E46E"},{"resourceId":"sid-7B2DE785-96E3-436D-851F-90ACB9358756"}],"bounds":{"lowerRight":{"x":1304.444653043116,"y":250.9446530431161},"upperLeft":{"x":1180.444653043116,"y":171.9446530431161}},"dockers":[]},{"resourceId":"sid-7B2DE785-96E3-436D-851F-90ACB9358756","properties":{"overrideid":"sid-7B2DE785-96E3-436D-851F-90ACB9358756","name":"","documentation":"","timercycledefinition":"","timerdatedefinition":"","timerdurationdefinition":"PT1H","cancelactivity":false,"executionlisteners":{"executionListeners":[]}},"stencil":{"id":"BoundaryTimerEvent"},"childShapes":[],"outgoing":[{"resourceId":"sid-49401B6A-AF5B-4CFA-B3AA-7E80FB289BFF"}],"bounds":{"lowerRight":{"x":1265.6561642672318,"y":186.7346302316549},"upperLeft":{"x":1234.6561642672318,"y":155.7346302316549}},"dockers":[{"x":69,"y":3}]},{"resourceId":"sid-1FA95B16-2D55-4291-B07B-341791E7827A","properties":{"overrideid":"uploadLogs","name":"Upload logs to TS","documentation":"","alfresco_cloud_content":{},"alfresco_cloud_destination":{"account":"alfresco-1","site":"dev-test-site","user":"1000","publish_as_type":"user","path":"829119ae-2e8b-431e-8793-1dbb5f134716","path_title":"documentLibrary","site_title":"Dev Test Site","username":"Pete Philips"},"asynchronousdefinition":true,"executionlisteners":{"executionListeners":[]},"exclusivedefinition":true},"stencil":{"id":"PublishToAlfrescoCloudTask"},"childShapes":[],"outgoing":[{"resourceId":"sid-20258C82-A73E-4799-83EE-FEC111509030"}],"bounds":{"lowerRight":{"x":1595.686846591116,"y":251.52839497861612},"upperLeft":{"x":1495.444653043116,"y":171.36091110761606}},"dockers":[]},{"resourceId":"sid-CA017BC3-AC25-4EFF-82DC-21E2F0A9A18D","properties":{"overrideid":"sid-CA017BC3-AC25-4EFF-82DC-21E2F0A9A18D","name":"","documentation":"","executionlisteners":{"executionListeners":[]}},"stencil":{"id":"EndNoneEvent"},"childShapes":[],"outgoing":[],"bounds":{"lowerRight":{"x":1668.686846591116,"y":225.4446530431161},"upperLeft":{"x":1640.686846591116,"y":197.4446530431161}},"dockers":[]},{"resourceId":"sid-0F314064-A472-4F9B-B3EE-D3F7AA04C5C4","properties":{"overrideid":"generateLogFile","name":"Generate log file","documentation":"","asynchronousdefinition":false,"exclusivedefinition":true,"executionlisteners":{"executionListeners":[]},"multiinstance_type":"None","multiinstance_cardinality":"","multiinstance_collection":"","multiinstance_variable":"","multiinstance_condition":"","isforcompensation":"false","servicetaskclass":"","servicetaskexpression":"${auditLogBean.generateProcessInstancePdf(execution, 'soc2-security-process', true, 'processInstanceLog')}","servicetaskdelegateexpression":"","servicetaskfields":{"fields":[]},"servicetaskresultvariable":""},"stencil":{"id":"ServiceTask"},"childShapes":[],"outgoing":[{"resourceId":"sid-A7FEF3A6-D01A-4732-BB82-813EB1D6A03D"}],"bounds":{"lowerRight":{"x":1445.444653043116,"y":251.4446530431161},"upperLeft":{"x":1345.444653043116,"y":171.4446530431161}},"dockers":[]},{"resourceId":"sid-EB15A65C-166E-4751-93E2-B5ABF1DE06BD","properties":{"scriptformat":"groovy","scripttext":"import java.util.List;\n\t\t\t\timport org.activiti.engine.history.HistoricProcessInstance;\n\t\t\n\t\t\t\t// Get the latest run of the process instance and check if the activity was 'abort'\n\t\t\n\t\t\t\tList<HistoricProcessInstance> historicProcessInstances = execution.getEngineServices().getHistoryService()\n\t\t\t\t\t.createHistoricProcessInstanceQuery()\n\t\t\t\t\t.processDefinitionKey(execution.getProcessInstance().getProcessDefinitionKey())\n\t\t\t\t\t.processInstanceTenantId(execution.getTenantId())\n\t\t\t\t\t.orderByProcessInstanceEndTime()\n\t\t\t\t\t.desc()\n\t\t\t\t\t.listPage(0, 1);\n\n\t\t\t\tboolean yesterdayAborted = false;\t\t\t\t\t\n\t\t\t\tif (historicProcessInstances.size() > 0) {\n\t\t\t\t\tString endActivityId = historicProcessInstances.get(0).getEndActivityId();\n\t\t\t\t\tif (endActivityId == null || endActivityId.equals(\"abort\")) {\n\t\t\t\t\t\tyesterdayAborted = true;\n\t\t\t\t\t}\n\t\t\t\t}\n\t\t\t\t\n\t\t\t\texecution.setVariable(\"previousDayFinished\", !yesterdayAborted);","overrideid":"","name":"Check if previous day was finished","documentation":"","asynchronousdefinition":"false","exclusivedefinition":"false","executionlisteners":"","multiinstance_type":"None","multiinstance_cardinality":"","multiinstance_collection":"","multiinstance_variable":"","multiinstance_condition":"","isforcompensation":"false"},"stencil":{"id":"ScriptTask"},"childShapes":[],"outgoing":[{"resourceId":"sid-D9C5F4DF-DFC0-45AF-B548-A58D6FCB4A7B"}],"bounds":{"lowerRight":{"x":470.33208026958357,"y":251.4446530431161},"upperLeft":{"x":370.33208026958357,"y":171.4446530431161}},"dockers":[]},{"resourceId":"sid-4CEADFDE-68C4-4DFF-B7B9-449625EC361A","properties":{"overrideid":"","name":"","documentation":"","sequencefloworder":""},"stencil":{"id":"ExclusiveGateway"},"childShapes":[],"outgoing":[{"resourceId":"sid-BBB828CC-7E3D-40C0-83B4-6701E4D19367"},{"resourceId":"sid-2862B1B9-84E5-4D58-B634-F193F11E58D0"}],"bounds":{"lowerRight":{"x":558.4802279816665,"y":231.4446530431161},"upperLeft":{"x":518.4802279816665,"y":191.4446530431161}},"dockers":[]},{"resourceId":"sid-383226C6-378E-4303-B98C-25C5D3DEC900","properties":{"overrideid":"","name":"Reminder to cover previous day","documentation":"","asynchronousdefinition":"false","exclusivedefinition":"false","executionlisteners":"","multiinstance_type":"None","multiinstance_cardinality":"","multiinstance_collection":"","multiinstance_variable":"","multiinstance_condition":"","isforcompensation":"false","usertaskassignment":{"assignment":{"type":"static","assignee":"${previousAssignee}"}},"formkeydefinition":"","formreference":{"id":1001,"name":"Reminder Both Days Forms"},"duedatedefinition":"","prioritydefinition":"","formproperties":"","tasklisteners":""},"stencil":{"id":"UserTask"},"childShapes":[],"outgoing":[{"resourceId":"sid-F97F9116-946D-40F5-B5A1-C828996810F4"},{"resourceId":"sid-F7229E6F-DCD7-4C64-8761-0091C5A05969"}],"bounds":{"lowerRight":{"x":702.4446530431161,"y":251.4446530431161},"upperLeft":{"x":595.4446530431161,"y":171.4446530431161}},"dockers":[]},{"resourceId":"sid-F7229E6F-DCD7-4C64-8761-0091C5A05969","properties":{"overrideid":"sid-F7229E6F-DCD7-4C64-8761-0091C5A05969","name":"","documentation":"","timercycledefinition":"","timerdatedefinition":"","timerdurationdefinition":"PT1H","cancelactivity":false,"executionlisteners":{"executionListeners":[]}},"stencil":{"id":"BoundaryTimerEvent"},"childShapes":[],"outgoing":[{"resourceId":"sid-66D97FCD-D411-451B-8259-CC3378AE0C5F"}],"bounds":{"lowerRight":{"x":682.8076591730512,"y":186.08349120525418},"upperLeft":{"x":651.8076591730512,"y":155.08349120525418}},"dockers":[{"x":70.3525,"y":2.5}]},{"resourceId":"sid-51E598AA-8EB9-4310-9736-0604442C524A","properties":{"overrideid":"sid-51E598AA-8EB9-4310-9736-0604442C524A","name":"Send reminder","documentation":"","asynchronousdefinition":false,"exclusivedefinition":true,"executionlisteners":{"executionListeners":[]},"multiinstance_type":"None","multiinstance_cardinality":"","multiinstance_collection":"","multiinstance_variable":"","multiinstance_condition":"","isforcompensation":"false","mailtaskto":"${userInfoBean.getEmail(previousAssignee)}","mailtaskfrom":"","mailtasksubject":"Reminder: finish the SOC 2 security process","mailtaskcc":"","mailtaskbcc":"","mailtasktext":"","mailtaskhtml":"This is a reminder that the SOC 2 security process has not yet been completed for today.","mailtaskcharset":""},"stencil":{"id":"MailTask"},"childShapes":[],"outgoing":[{"resourceId":"sid-777FE30E-35CA-4BCE-AD6C-72C4EA63CF1C"}],"bounds":{"lowerRight":{"x":1308.1561642672318,"y":105.44465304311609},"upperLeft":{"x":1192.1561642672318,"y":26.44465304311609}},"dockers":[]},{"resourceId":"sid-506C29AC-B49C-4F10-85F4-9C3ACC204064","properties":{"overrideid":"","name":"","documentation":"","executionlisteners":"","initiator":"","formkeydefinition":"","formreference":"","formproperties":""},"stencil":{"id":"StartNoneEvent"},"childShapes":[],"outgoing":[{"resourceId":"sid-CAA78A3C-971B-488B-BF6D-64914039CFA2"}],"bounds":{"lowerRight":{"x":56.62837753339923,"y":226.44465304311612},"upperLeft":{"x":26.62837753339923,"y":196.44465304311612}},"dockers":[]},{"resourceId":"sid-16E5D1A9-9201-4269-A332-E3117842596C","properties":{"overrideid":"sid-16E5D1A9-9201-4269-A332-E3117842596C","name":"Daily Security Review","documentation":"","asynchronousdefinition":false,"exclusivedefinition":true,"executionlisteners":{"executionListeners":[]},"multiinstance_type":"None","multiinstance_cardinality":"","multiinstance_collection":"","multiinstance_variable":"","multiinstance_condition":"","isforcompensation":"false","usertaskassignment":{"assignment":{"type":"idm","idm":{"type":"groups","candidateGroups":[{"id":1000,"name":"IT","externalId":null,"status":"active","groups":null,"$$hashKey":"object:2243"}]},"initiatorCanCompleteTask":false}},"formkeydefinition":"","formreference":{"id":1000,"name":"Daily Security Review Form"},"duedatedefinition":"","prioritydefinition":"","formproperties":"","tasklisteners":{"taskListeners":[{"event":"complete","expression":"${execution.setVariable('previousAssignee', task.getAssignee())}"}]}},"stencil":{"id":"UserTask"},"childShapes":[],"outgoing":[{"resourceId":"sid-C5123A93-FE43-4824-ABDD-2E7937D609D4"},{"resourceId":"sid-87314557-52B6-4B2C-885E-520CB03B0C78"}],"bounds":{"lowerRight":{"x":470.33208026958357,"y":539.1106939137677},"upperLeft":{"x":370.3320802695836,"y":459.1106939137677}},"dockers":[]},{"resourceId":"sid-4C01EA79-993E-4902-8DEA-6C77DECBC35B","properties":{"overrideid":"sid-4C01EA79-993E-4902-8DEA-6C77DECBC35B","name":"Send email to create Jira issue","documentation":"","asynchronousdefinition":false,"exclusivedefinition":true,"executionlisteners":{"executionListeners":[]},"multiinstance_type":"None","multiinstance_cardinality":"","multiinstance_collection":"","multiinstance_variable":"","multiinstance_condition":"","isforcompensation":"false","mailtaskto":"its@alfresco.com","mailtaskfrom":"","mailtasksubject":"Reminder: finish the SOC 2 security process","mailtaskcc":"","mailtaskbcc":"","mailtasktext":"","mailtaskhtml":"This is a reminder that the SOC 2 security process has not yet been completed for today.","mailtaskcharset":""},"stencil":{"id":"MailTask"},"childShapes":[],"outgoing":[{"resourceId":"sid-0DB25719-75BD-421A-9CB0-EE4ABD15091D"}],"bounds":{"lowerRight":{"x":342.4743975121612,"y":538.1106939137677},"upperLeft":{"x":226.4743975121612,"y":459.1106939137677}},"dockers":[]},{"resourceId":"sid-C5123A93-FE43-4824-ABDD-2E7937D609D4","properties":{"overrideid":"","name":"","documentation":"","timercycledefinition":"R3/PT1H","timerdatedefinition":"","timerdurationdefinition":"","cancelactivity":false},"stencil":{"id":"BoundaryTimerEvent"},"childShapes":[],"outgoing":[{"resourceId":"sid-4A2E1607-2646-4818-9CE9-FC1A9204763D"}],"bounds":{"lowerRight":{"x":430.9320197415605,"y":555.1178609454257},"upperLeft":{"x":399.9320197415605,"y":524.1178609454257}},"dockers":[{"x":46.25,"y":71}]},{"resourceId":"sid-672299CC-FBA2-462D-9239-7CA45D80E838","properties":{"overrideid":"sid-672299CC-FBA2-462D-9239-7CA45D80E838","name":"Send reminder","documentation":"","asynchronousdefinition":false,"exclusivedefinition":true,"executionlisteners":{"executionListeners":[]},"multiinstance_type":"None","multiinstance_cardinality":"","multiinstance_collection":"","multiinstance_variable":"","multiinstance_condition":"","isforcompensation":"false","mailtaskto":"daniel.taylor@alfresco.com,ricky.simmons@alfresco.com","mailtaskfrom":"","mailtasksubject":"Reminder: finish the SOC 2 security process","mailtaskcc":"","mailtaskbcc":"","mailtasktext":"","mailtaskhtml":"This is a reminder that the SOC 2 security process has not yet been completed for today.","mailtaskcharset":""},"stencil":{"id":"MailTask"},"childShapes":[],"outgoing":[{"resourceId":"sid-B30AE4C1-97CD-4589-8C3E-C1A653C96353"}],"bounds":{"lowerRight":{"x":571.3320817413032,"y":643.1106939137677},"upperLeft":{"x":455.3320817413032,"y":564.1106939137677}},"dockers":[]},{"resourceId":"sid-16FA5FB6-981E-445E-A6D7-94790843A0AC","properties":{"overrideid":"","name":"","documentation":"","executionlisteners":""},"stencil":{"id":"EndNoneEvent"},"childShapes":[],"outgoing":[],"bounds":{"lowerRight":{"x":662.9446530431162,"y":617.6106939137677},"upperLeft":{"x":634.9446530431162,"y":589.6106939137677}},"dockers":[]}],"outgoing":[{"resourceId":"sid-48C1DA59-E087-418A-83D0-414B2DD77F55"},{"resourceId":"sid-02021A70-1DB2-42AF-A778-365CA82AA0D0"}],"bounds":{"lowerRight":{"x":1875.0167779640162,"y":709.253362810594},"upperLeft":{"x":129.66791825869683,"y":50.889306086232295}},"dockers":[]},{"resourceId":"sid-CC4BD66C-759B-4AFA-B3E5-79DC5A972630","properties":{"overrideid":"","name":"","documentation":"","conditionsequenceflow":"","executionlisteners":"","defaultflow":"false","showdiamondmarker":false},"stencil":{"id":"SequenceFlow"},"childShapes":[],"outgoing":[{"resourceId":"sid-90797D69-547F-409C-9E34-725433DB6B7B"}],"bounds":{"lowerRight":{"x":129.05352682614782,"y":380.56299912315853},"upperLeft":{"x":61.94284905256682,"y":380.5279119611678}},"dockers":[{"x":16,"y":16},{"x":872.6744298526597,"y":329.18202836218086}],"target":{"resourceId":"sid-90797D69-547F-409C-9E34-725433DB6B7B"}},{"resourceId":"sid-D03BC01A-4C71-49C3-AB06-487481D09F8E","properties":{"overrideid":"","name":"","documentation":"","executionlisteners":""},"stencil":{"id":"EndNoneEvent"},"childShapes":[],"outgoing":[],"bounds":{"lowerRight":{"x":1962.1564519781957,"y":394.07133444841315},"upperLeft":{"x":1934.1564519781957,"y":366.07133444841315}},"dockers":[]},{"resourceId":"sid-48C1DA59-E087-418A-83D0-414B2DD77F55","properties":{"overrideid":"","name":"","documentation":"","conditionsequenceflow":"","executionlisteners":"","defaultflow":"false"},"stencil":{"id":"SequenceFlow"},"childShapes":[],"outgoing":[{"resourceId":"sid-D03BC01A-4C71-49C3-AB06-487481D09F8E"}],"bounds":{"lowerRight":{"x":1933.3017531910841,"y":380.07133444841315},"upperLeft":{"x":1875.264725113599,"y":380.07133444841315}},"dockers":[{"x":872.6744298526596,"y":329.18202836218086},{"x":14,"y":14}],"target":{"resourceId":"sid-D03BC01A-4C71-49C3-AB06-487481D09F8E"}},{"resourceId":"sid-3A63F15B-2772-43B4-82C1-8DBB2E0C77A8","properties":{"overrideid":"abort","name":"Abort","documentation":"","executionlisteners":""},"stencil":{"id":"EndNoneEvent"},"childShapes":[],"outgoing":[],"bounds":{"lowerRight":{"x":1550.6338026211326,"y":809.8930337784195},"upperLeft":{"x":1522.6338026211326,"y":781.8930337784195}},"dockers":[]},{"resourceId":"sid-D128A5FB-50DE-49EB-B69A-1438C68AFD93","properties":{"overrideid":"","name":"","documentation":"","conditionsequenceflow":"","executionlisteners":"","defaultflow":"false","showdiamondmarker":false},"stencil":{"id":"SequenceFlow"},"childShapes":[],"outgoing":[{"resourceId":"sid-3A63F15B-2772-43B4-82C1-8DBB2E0C77A8"}],"bounds":{"lowerRight":{"x":1521.714829110794,"y":795.8930337784195},"upperLeft":{"x":1473.0042094310124,"y":725.6039909084135}},"dockers":[{"x":16,"y":16},{"x":1473.0042094310124,"y":795.8930337784195},{"x":14,"y":14}],"target":{"resourceId":"sid-3A63F15B-2772-43B4-82C1-8DBB2E0C77A8"}},{"resourceId":"sid-02021A70-1DB2-42AF-A778-365CA82AA0D0","properties":{"overrideid":"","name":"","documentation":"","timercycledefinition":"","timerdatedefinition":"","timerdurationdefinition":"PT8H","cancelactivity":true},"stencil":{"id":"BoundaryTimerEvent"},"childShapes":[],"outgoing":[{"resourceId":"sid-D128A5FB-50DE-49EB-B69A-1438C68AFD93"}],"bounds":{"lowerRight":{"x":1488.0042094310124,"y":724.8081518221859},"upperLeft":{"x":1457.0042094310124,"y":693.8081518221859}},"dockers":[{"x":1332.1822281425148,"y":650.9582027263615}]},{"resourceId":"sid-CAA78A3C-971B-488B-BF6D-64914039CFA2","properties":{"overrideid":"","name":"","documentation":"","conditionsequenceflow":"","executionlisteners":"","defaultflow":"false"},"stencil":{"id":"SequenceFlow"},"childShapes":[],"outgoing":[{"resourceId":"sid-027B995F-771B-4211-932E-3B7F78386BD8"}],"bounds":{"lowerRight":{"x":221.54774247523557,"y":262.3339591293484},"upperLeft":{"x":186.48900410435004,"y":262.3339591293484}},"dockers":[{"x":15,"y":15},{"x":50,"y":40}],"target":{"resourceId":"sid-027B995F-771B-4211-932E-3B7F78386BD8"}},{"resourceId":"sid-50D4F725-1981-4AC7-8DEF-F03C654DC6CD","properties":{"overrideid":"sid-50D4F725-1981-4AC7-8DEF-F03C654DC6CD","name":"","documentation":"","conditionsequenceflow":"","executionlisteners":"","defaultflow":"false"},"stencil":{"id":"SequenceFlow"},"childShapes":[],"outgoing":[{"resourceId":"sid-51E598AA-8EB9-4310-9736-0604442C524A"}],"bounds":{"lowerRight":{"x":1321.0999836702586,"y":206.75508862724502},"upperLeft":{"x":963.5601583836319,"y":116.83395912934839}},"dockers":[{"x":15.5,"y":15.499999999999998},{"x":963.5601583836319,"y":116.83395912934839},{"x":58,"y":39.5}],"target":{"resourceId":"sid-51E598AA-8EB9-4310-9736-0604442C524A"}},{"resourceId":"sid-E9CC3B56-E5BE-488E-9EC7-92508E592657","properties":{"overrideid":"sid-E9CC3B56-E5BE-488E-9EC7-92508E592657","name":"","documentation":"","conditionsequenceflow":"","executionlisteners":"","defaultflow":"false"},"stencil":{"id":"SequenceFlow"},"childShapes":[],"outgoing":[{"resourceId":"sid-51E598AA-8EB9-4310-9736-0604442C524A"}],"bounds":{"lowerRight":{"x":1321.4032988348772,"y":207.2566545596266},"upperLeft":{"x":1163.651720394911,"y":116.83395912934839}},"dockers":[{"x":15.500000000000002,"y":15.5},{"x":1163.651720394911,"y":116.83395912934839},{"x":58,"y":39.5}],"target":{"resourceId":"sid-51E598AA-8EB9-4310-9736-0604442C524A"}},{"resourceId":"sid-2862B1B9-84E5-4D58-B634-F193F11E58D0","properties":{"overrideid":"","name":"no","documentation":"","conditionsequenceflow":{"expression":{"type":"static","staticValue":"${previousDayFinished == false}"}},"executionlisteners":"","defaultflow":false},"stencil":{"id":"SequenceFlow"},"childShapes":[],"outgoing":[{"resourceId":"sid-383226C6-378E-4303-B98C-25C5D3DEC900"}],"bounds":{"lowerRight":{"x":724.3485632497768,"y":262.7434747512906},"upperLeft":{"x":688.5482714606965,"y":262.5806935074062}},"dockers":[{"x":20.5,"y":20.5},{"x":53.5,"y":40}],"target":{"resourceId":"sid-383226C6-378E-4303-B98C-25C5D3DEC900"}},{"resourceId":"sid-75D11771-802F-4307-AD8E-AF166AF29DC0","properties":{"overrideid":"","name":"","documentation":"","conditionsequenceflow":"","executionlisteners":"","defaultflow":"false"},"stencil":{"id":"SequenceFlow"},"childShapes":[],"outgoing":[{"resourceId":"sid-4C01EA79-993E-4902-8DEA-6C77DECBC35B"}],"bounds":{"lowerRight":{"x":414.56709678129977,"y":509.4896475406873},"upperLeft":{"x":414.3386285104162,"y":462.9257003185658}},"dockers":[{"x":16,"y":16},{"x":58,"y":39.5}],"target":{"resourceId":"sid-4C01EA79-993E-4902-8DEA-6C77DECBC35B"}},{"resourceId":"sid-0DB25719-75BD-421A-9CB0-EE4ABD15091D","properties":{"overrideid":"","name":"","documentation":"","conditionsequenceflow":"","executionlisteners":"","defaultflow":"false"},"stencil":{"id":"SequenceFlow"},"childShapes":[],"outgoing":[{"resourceId":"sid-16E5D1A9-9201-4269-A332-E3117842596C"}],"bounds":{"lowerRight":{"x":499.1147624131051,"y":549.8127259530621},"upperLeft":{"x":472.45726891182983,"y":549.7146177969379}},"dockers":[{"x":58,"y":39.5},{"x":49.99999999999997,"y":40}],"target":{"resourceId":"sid-16E5D1A9-9201-4269-A332-E3117842596C"}},{"resourceId":"sid-4A2E1607-2646-4818-9CE9-FC1A9204763D","properties":{"overrideid":"","name":"","documentation":"","conditionsequenceflow":"","executionlisteners":"","defaultflow":"false"},"stencil":{"id":"SequenceFlow"},"childShapes":[],"outgoing":[{"resourceId":"sid-672299CC-FBA2-462D-9239-7CA45D80E838"}],"bounds":{"lowerRight":{"x":584.1687131876528,"y":654.5},"upperLeft":{"x":545.5999380002573,"y":606.8882997586131}},"dockers":[{"x":16,"y":16},{"x":545.5999380002573,"y":654.5},{"x":58,"y":39.5}],"target":{"resourceId":"sid-672299CC-FBA2-462D-9239-7CA45D80E838"}},{"resourceId":"sid-B30AE4C1-97CD-4589-8C3E-C1A653C96353","properties":{"overrideid":"","name":"","documentation":"","conditionsequenceflow":"","executionlisteners":"","defaultflow":"false"},"stencil":{"id":"SequenceFlow"},"childShapes":[],"outgoing":[{"resourceId":"sid-16FA5FB6-981E-445E-A6D7-94790843A0AC"}],"bounds":{"lowerRight":{"x":763.8394195289727,"y":654.5},"upperLeft":{"x":701.2115535179523,"y":654.5}},"dockers":[{"x":58,"y":39.5},{"x":14,"y":14}],"target":{"resourceId":"sid-16FA5FB6-981E-445E-A6D7-94790843A0AC"}},{"resourceId":"sid-87314557-52B6-4B2C-885E-520CB03B0C78","properties":{"overrideid":"","name":"","documentation":"","conditionsequenceflow":"","executionlisteners":"","defaultflow":"false"},"stencil":{"id":"SequenceFlow"},"childShapes":[],"outgoing":[{"resourceId":"sid-EB15A65C-166E-4751-93E2-B5ABF1DE06BD"}],"bounds":{"lowerRight":{"x":549.9999985282805,"y":509.67065847471554},"upperLeft":{"x":549.9999985282805,"y":302.66330065463274}},"dockers":[{"x":49.99999999999997,"y":40},{"x":50,"y":40}],"target":{"resourceId":"sid-EB15A65C-166E-4751-93E2-B5ABF1DE06BD"}}],"bounds":{"lowerRight":{"x":2062.156451978196,"y":1050},"upperLeft":{"x":0,"y":0}},"stencilset":{"url":"stencilsets/bpmn2.0/bpmn2.0.json","namespace":"http://b3mn.org/stencilset/bpmn2.0#"},"ssextensions":[]}